position_x,position_y,position_z,yaw
2.664620013115087,-0.5042617322173493,0.4414932145937085,-1.538122760248324
2.826532268350124,-0.5532908058689044,0.46597743853959955,-1.503001109548574
2.944298985214309,-0.59350656225037,0.48115772480766544,1.6875057290554523
3.151830618424286,-0.6478366021282709,0.5137691141749015,-1.4862416833476244
3.109588586510972,-0.09148163618571593,0.4963467895173031,-1.7498143743097097
2.8791654023202153,-0.10004754603662096,0.4631158258534205,-1.6850206108166945
2.722715460635894,-0.11712874566487794,0.44285764411756245,-1.703877575350112
2.591600820102583,-0.1287132122631409,0.42079082246682464,-1.6524054175756309
2.474803463658747,-0.1381270219522008,0.40481080840222594,-1.6930274884722591
2.3856169855432428,-0.1486147525228564,0.3821773098733647,1.4347096941825928
2.2862486905373873,-0.1581008673449972,0.37538622671437505,-1.6854365911540083
2.2822858549818354,-0.17394347599641513,0.37737830490892177,-1.6457704766398165
2.1805622609677977,-0.19508279777322463,0.36088103001753485,-1.662318597494645
2.21391833311888,-0.2132347573783965,0.36693842344828487,-1.6197755716550415
2.1614488634242734,-0.22470824081916374,0.35998714631628453,-1.6193879311580859
2.189614719044743,-0.24522442193696375,0.365204713244413,-1.6278796730363128
2.181059857857082,-0.2589189438113307,0.3629619702551853,-1.6157377895963887
2.105253930358139,-0.2684266508231232,0.3512843623310037,-1.6272303854377967
2.1687866389496597,-0.29352062102231397,0.36289650457672273,-1.5977454050771354
2.1611439449521344,-0.3159952605561628,0.36090570065406424,-1.6240013739143428
2.2557426686636495,-0.3476183612267567,0.37724126921362783,-1.5873505362614138
2.3459495930907326,-0.37401948313537636,0.38920025275743253,-1.5821789866194356
2.3155234586686597,-0.3895713260345126,0.386000975245749,-1.5562383503918982
2.4327294404802324,-0.4265025925457263,0.40527813151445774,-1.5697225020395245
2.5682522410060993,-0.46729102781119575,0.4211743912569931,1.6409038821809536
2.633449328567346,-0.49541354796170006,0.43681750549029424,-1.5468904932538694
2.7772709230231967,-0.5358523552189691,0.45730643563868617,-1.562109892529486
2.9067174794630635,-0.58238603577019,0.47221450211342797,1.659992709670158
3.169125653233565,-0.6496629241234714,0.5128192127358714,1.6508845540685197
3.8801084938588506,-0.06674551260174115,0.6111504550800874,-1.7267203776589037
3.5862767768966517,-0.07671881307859364,0.569137474328287,-1.6706249321054387
3.2762033074612202,-0.08318958028275365,0.5221126549580667,-1.709819539012492
3.016272046917547,-0.0923001435906011,0.4845884118690025,-1.7186879753056714
2.8329809483716666,-0.10188055327800141,0.4590946635856175,-1.6844940392154624
2.7246465267908735,-0.11513170912094615,0.44060588579276216,-1.6961359159837694
2.6110672336669762,-0.12622745873916508,0.4238263165575408,-1.6679457298477258
2.4731891105368775,-0.13424946552706105,0.404122970512405,-1.7002277854654222
2.340549723598133,-0.14413973645067532,0.381117098826381,-1.7088589579970992
2.2914208089227563,-0.15478060826790963,0.3756491421631084,-1.650912213130158
2.2829972232631963,-0.17147645522453542,0.37427835958792716,-1.638798564364065
2.227759054673594,-0.18418675654534655,0.3583180252855174,1.5281913619967196
2.2120437570580798,-0.20026238019220935,0.36502776796063496,-1.6320019565047739
2.186967696588876,-0.21481776151126303,0.3634532052837253,-1.6197191142180902
2.1889152065713633,-0.23175956335455966,0.3638789489276924,-1.6082466792905934
2.18057864466189,-0.25293115117242015,0.3615782778123844,-1.6086413638193595
2.1662052154107556,-0.2690381284425495,0.36006096468698456,-1.5966185112993965
2.1842860524667427,-0.2891991098156479,0.35715609523883146,1.5778577204493451
2.2124138957060855,-0.3082853050265119,0.36891299569077834,-1.5795968532045093
2.171465722694567,-0.3219580556955976,0.3626291278327867,-1.5863385041713356
2.242283529413067,-0.34918484947341244,0.3738809660898812,-1.55492160483279
2.2747567498394514,-0.3700101066759045,0.3770174683061131,-1.5752726455273482
2.407274261850291,-0.40844476003379737,0.40199555092449246,-1.5399018051096742
2.4449984513748673,-0.43283052813166706,0.4055324310368708,-1.5559751683606715
2.508715251019238,-0.45933533982719915,0.4145422405519786,-1.5185169230567135
2.6849063474229142,-0.5107319960278638,0.4438032141784119,-1.522992258063862
2.857247943270124,-0.5577005720035726,0.4655106161976687,-1.5196665112359258
3.0368804463498407,-0.6171999423583957,0.4974774560222181,-1.4713762075981551
3.315986277968546,-0.6891777168907904,0.5430158683628281,-1.4615644647687491
3.626427409330579,-0.06654522715016956,0.576215637166126,-1.7481862672654196
3.4561273000582866,-0.0786819323858899,0.5519441758213081,-1.7395164051360748
3.1352293268393376,-0.084576821714749,0.502268433412363,-1.7609485881094051
2.845807086764765,-0.09856394365119506,0.4594642291056313,-1.726420436264997
2.7710452680585216,-0.11129421822960463,0.4494960195617395,-1.7388739156347368
2.660715025893302,-0.12103379390866441,0.4333059032125158,-1.6931458892975262
2.5310475728286166,-0.13202256414972155,0.41578469738231993,-1.6947035631139469
2.4374926247377235,-0.14358831171191963,0.3998838437706123,-1.7068080543398394
2.314147704260414,-0.15225388008247015,0.3795253427274448,-1.6941548984168893
2.2642774375644166,-0.1747778484853876,0.3738430391996199,-1.651658671099214
2.237058770150152,-0.1889287183351228,0.37014935867076576,-1.6510612778392775
2.212862109668605,-0.20372445560374447,0.36733672110781396,-1.625972723217421
2.203974401664568,-0.21846016758390188,0.3596092142801217,1.5496494942727796
2.1263985372001297,-0.23524194417526811,0.3537506500113496,-1.6250618011033633
2.1808744649758145,-0.2555657091496195,0.36209596420661333,-1.6029282882620235
2.1303738497958253,-0.26665891124478613,0.3549792410292441,-1.6087363297193888
2.184581049891099,-0.29185207824861903,0.3657100451306292,-1.5984223296126174
2.213489083099707,-0.3125572000977043,0.3634335193612878,1.584388076227294
2.254045359258254,-0.33681854569280756,0.37830496900630434,-1.5798682810985136
2.301013554267959,-0.36029540402428634,0.38397187885818923,-1.561645174137348
2.2829151568538473,-0.37524831013884674,0.3814882430269066,-1.5424101954398808
2.408888866761731,-0.41157888447010643,0.40287170083828117,-1.548261031633689
2.4778848019076296,-0.4404733237342682,0.41413096022382523,-1.5473379595775023
2.6048609065589416,-0.48041879447655694,0.4346580621563703,-1.523348483869156
2.7292653301526224,-0.5202226050993897,0.45117594836908975,-1.5386777427875509
2.835720348981758,-0.5562546227061892,0.4652958267107101,-1.536620448144292
3.0878895754972566,-0.6240371850665186,0.5105204766417248,-1.4692975450610115
3.283143034111711,-0.6855374137199204,0.5388407103337988,-1.4622846688103641
3.1570236720091014,-0.0861033975239073,0.5063070546602627,-1.7138094063463878
2.9667680155411484,-0.09750163282355433,0.48000623033735396,-1.7154846895637124
2.8774068026863446,-0.10998369509011342,0.46433684354073973,-1.6938102974992078
2.6989546246551948,-0.11967222423300584,0.4390195272815401,-1.7030270084751797
2.5862352483772035,-0.13149507878772096,0.4189257896208532,-1.6831465161710546
2.5358985994122776,-0.14550634192112696,0.40972547458385394,1.483056702159602
2.3677099623187314,-0.15581262794414438,0.38874086676701236,-1.6747807193200008
2.258495236667936,-0.16491022626243124,0.36980396401925575,-1.6840380146244103
2.2556055930637844,-0.1814055801390746,0.372529648445184,-1.625519937357985
2.1967231099280777,-0.19269620931427875,0.3630579582816994,-1.6687067283891062
2.212954089014741,-0.21144309519458052,0.36762668750670524,-1.6325297856465628
2.1602759161577665,-0.22292342821400032,0.360252704027875,-1.6383077095717538
2.188924935410668,-0.24347072686095467,0.3653609082374933,-1.6334797079476882
2.1385696726659473,-0.2542290677001834,0.35714298949138035,-1.6208028131002912
2.1046283914325112,-0.26673506017306936,0.35234175578379734,-1.633029809285182
2.1481552313006516,-0.28907689820967597,0.3607613371084144,-1.6036434272650535
2.1601624813132503,-0.3059325602246028,0.36027494330964366,-1.6169997668167904
2.254776312515589,-0.33960679793647985,0.37784422283108726,-1.5861861004314857
2.285082002116297,-0.3590557680482925,0.3834791554735445,-1.5811652967720196
2.363656678007675,-0.3908448713679028,0.3947570281866772,-1.5549716982106583
2.384987407412223,-0.4093033815902014,0.3969777883563072,-1.5623842524736395
2.548103903254811,-0.4616714845592546,0.4242673091045877,-1.5387693625463406
2.590310248871234,-0.4872851118957284,0.4312543662712407,-1.5547087653991323
2.776986276903977,-0.534642134368307,0.4593944255436239,-1.5615598065616312
2.8828176158870713,-0.5766602828231521,0.47842291477364324,-1.536400962990442
3.0849439562879795,-0.6300499982746405,0.5064739887252293,-1.5430645356838562
3.2484971837449432,-0.6795085295504739,0.530590101908574,-1.5207629815376906
3.920911852029129,-0.06364421402660374,0.6182509768867321,-1.7388382280324177
3.4955249230319656,-0.07218063838877085,0.5568671274948725,-1.72074451617905
3.2414662416356426,-0.0804934814125322,0.5191964412537273,-1.7093189768758028
3.0416149497087437,-0.09137487884808612,0.4879985920910873,-1.7285589499594003
2.8142213688232283,-0.0995463092625614,0.4548983303436767,-1.6827652011986687
2.7418868441388073,-0.11328539182264827,0.4433738067823157,-1.6973631886630396
2.5529669168692775,-0.12190747991009697,0.41500751309584827,-1.6582787312651506
2.4965218234632194,-0.13379043277338312,0.40235322335558144,1.4703036726879726
2.3086719713592694,-0.1546673893391437,0.37904159729690057,-1.6587546728325437
2.2637853089344535,-0.16877505860091285,0.3702848660451672,-1.6516514968685363
2.1830881035385072,-0.1776953810408833,0.36029430107635324,-1.6304868437767492
2.156997410629476,-0.1945347560482533,0.3566582070983192,-1.6425383183891098
2.1765647466629696,-0.21083560282818156,0.3612752745323014,-1.6125930353812818
2.151708734448759,-0.22406387573025618,0.35755792382039153,-1.606507193308156
2.2067997807755586,-0.24838445053201297,0.36720304797115855,-1.6025573297126348
2.1919125698972115,-0.26226788950164626,0.36354319494508397,-1.5971217375313074
2.1566863717136564,-0.27738208095246114,0.35978510800395064,-1.6160691097222484
2.1583863289739065,-0.2941344571849731,0.3605462614573327,-1.5858894516351143
2.1975119149018307,-0.317508327454799,0.36608480893448736,-1.5865078241579098
2.2259585424201327,-0.3376347170596711,0.37099165784468,-1.5747146581426203
2.30238747547881,-0.3718754054942559,0.38155687107567465,-1.5619436231252048
2.3925884846735137,-0.40453178312151034,0.4009924588305614,-1.5334277836919818
2.3801871363525864,-0.4176908186187297,0.3961928939922486,-1.5628419942905407
2.533911333741282,-0.46253421625608904,0.417155373667893,-1.540285594461285
2.6646071293099673,-0.5042588536277431,0.44056434936394273,-1.5387027051522477
2.826532268350124,-0.5532908058689044,0.46597743853959955,-1.503001109548574
2.971199923202888,-0.5964605530567809,0.4891522876663675,-1.508995925192214
3.147744641469996,-0.6470001660770015,0.513665516748995,-1.4767564388792602
3.466123278098317,-0.7277786910766683,0.5613241255578044,-1.4446465014352088
3.693679436465793,-0.06504173456177573,0.5860857404777803,-1.7630226739859418
3.4457669457824855,-0.07702656160937217,0.5516209479990332,-1.7588287634373312
3.18023025248835,-0.08456411208734722,0.5106501760978116,-1.7827854295450973
3.0014211062487797,-0.09537464670109798,0.48431755573193014,-1.753167214266863
2.8656323266948367,-0.10632418410166582,0.4670414055959887,-1.7281479571591667
2.759475163357121,-0.11764650364228833,0.44888983892855217,-1.7223612463452802
2.6123964805193394,-0.1290286349103924,0.4202879607307022,1.4945827483172023
2.4355508859961237,-0.13601924282924116,0.39998659137418663,-1.7133272852319434
2.370453021593022,-0.14869746655372537,0.3889747161070136,-1.7172378957937433
2.259951043090187,-0.1615663662446455,0.37371344342932544,-1.6714393188975738
2.2296686643608044,-0.17559085909566396,0.36902615999392957,-1.689756814122438
2.19872909118904,-0.1885824564400762,0.3648082721673249,-1.6497933505339115
2.2021380422875687,-0.20554575192132926,0.35940309975220375,1.5361259351433398
2.2043928037101828,-0.22281016196848272,0.36754411421953936,-1.613603520617634
2.1264660907838,-0.23290238185705764,0.35385858397798436,-1.6255330067572549
2.1544435796469084,-0.2505242679915205,0.3519358178831165,1.5573269660865485
2.1927446246888738,-0.27075150512853857,0.3662062015260359,-1.6103028071408396
2.167771264105032,-0.2874885250782271,0.36282832399120035,-1.584998465824569
2.1967368413718398,-0.30730147810192027,0.3667909687759814,-1.5987187232552147
2.2254606105154444,-0.32922620036202377,0.37354679975840394,-1.5799238361762218
2.273708769787031,-0.35861840362023617,0.3815877365189138,-1.5814253160892842
2.3955617176852613,-0.39435605892193504,0.39092875266453775,1.6151080483572686
2.396177236950781,-0.4116476126685541,0.39892632435875147,-1.5485416719133611
2.4114127006850605,-0.4304815155570069,0.40043127263686795,-1.5486744903226264
2.6014388775605997,-0.4817864097835578,0.4330969891514758,-1.5083382691943399
2.6904348557257287,-0.5138371243530173,0.4452727735017113,-1.5467580804806031
2.9066106417712647,-0.5719036538485357,0.47847536567933585,-1.5276276340184185
3.024533051943008,-0.6129741025586832,0.4959910885634237,-1.5158149956437323
3.203316122161031,-0.6632634613997384,0.5240119587090457,-1.4749330740673887
3.125509264569553,-0.0882807885786304,0.4988815346620355,-1.7130177512726432
2.9229571067668956,-0.0984029776174936,0.4717445934408225,-1.6960496463675958
2.8723526834358775,-0.11417720386804382,0.4658261523754792,-1.7110377011049758
2.550333205785946,-0.12674714477699484,0.41271791210139164,-1.6740208283501126
2.512171176560895,-0.1430970922807868,0.4114062024925946,-1.6879478599531172
2.371836203468654,-0.1497896916853144,0.388793853135949,-1.7109053066679465
2.273156845928121,-0.16417922988281236,0.36671862403260325,1.467993947623594
2.281020266672658,-0.18004334736181987,0.3786208956209651,-1.6585738355750246
2.255212605258729,-0.19516321297839664,0.3737107232063619,-1.6456392532640889
2.2289575636917394,-0.21061137597244695,0.3629650423063167,1.5232553919093754
2.18697270233202,-0.22317663118695938,0.36429231588043415,-1.6328427888473465
2.204623704554683,-0.24287658025699163,0.35993363652659427,1.5249523015205326
2.18078226912354,-0.2555532263731916,0.36328622907157754,-1.6090831815262367
2.139438990948625,-0.2674261357487666,0.3577505847591093,-1.6278372767070242
2.1682392018525456,-0.28845811798182325,0.36326331228957137,-1.6165710432147087
2.1967286980382523,-0.3099220397708479,0.36790945118447776,-1.592092143701108
2.226148261860244,-0.3317854988856004,0.3732840717529743,-1.5864438489296835
2.273395626519372,-0.35586335713573075,0.3815349851121774,-1.5809633047232876
2.274581502466623,-0.3734732989584807,0.38010071700831427,-1.5691636770978272
2.3955173691825022,-0.40922633679043846,0.39330068003374347,1.6228803313357012
2.431813240093841,-0.43277720014843457,0.4060725924453482,-1.5555719816337246
2.647424331838506,-0.49445633503593556,0.44161147597851436,-1.5381272526970926
2.7302772919945193,-0.5246003180250737,0.4522016658239433,-1.5375753102980771
2.8649911164446977,-0.5691904211221641,0.47387489262447663,-1.5451445982406764
3.110241499153704,-0.6345896802554822,0.5128987471024156,-1.5238898931798357
3.2373179652592357,-0.6746978731600355,0.5294460724948092,-1.492310429823506
3.5481119644647414,-0.07063266829072425,0.5631982882931749,-1.7560413246234394
3.2857303279995325,-0.07976467054519051,0.5243063592051932,-1.6818179392245376
3.0428741961403216,-0.08853631694150699,0.4874600424776062,-1.7735625852412562
2.8712862224420315,-0.09995279013730574,0.462450574328896,-1.7112361322011502
2.7026895314847383,-0.10950863364809266,0.4374553633612502,-1.68656357045309
2.6039357257452473,-0.12098463165409291,0.42077146860424003,-1.6985128966769527
2.5520201722475466,-0.1335725511123721,0.41803139451769394,-1.6654168251322738
2.4279066031553223,-0.14530298025052282,0.3965625225648807,-1.6921598149880885
2.2549148262690974,-0.15525146885609822,0.3702838068821181,-1.6976232291036393
2.233502723691114,-0.1683119021422183,0.36642849124312477,-1.6646214022089783
2.2385499737835866,-0.18564048019461468,0.3681996960717796,-1.6312424309006892
2.1848443863750444,-0.19863184129515968,0.36206263073072303,-1.6306091317511653
2.176858021972522,-0.2141942083602965,0.3613240490495635,-1.612763905591107
2.152097160105862,-0.22976857747008614,0.35106926194781635,1.5508584276658375
2.1903550206128233,-0.24942502178263545,0.3641280219154319,-1.583380050056357
2.1819408715545743,-0.26551297153635883,0.35685053431534763,1.5642322153943908
2.1673534529111707,-0.28245570416657495,0.3639543329072743,-1.5907833319761482
2.1850657073874813,-0.30195819637252924,0.36486201487075515,-1.5859437940908738
2.225951012073232,-0.3300514722157938,0.3724935486103262,-1.5868062652041897
2.25342228115539,-0.350539282188877,0.37571988225945757,-1.5548726502227503
2.275593232186328,-0.37188524667452666,0.3781251953348532,-1.5890946377707449
2.396439153404057,-0.40801946308935527,0.4002967611289126,-1.5550822314257795
2.4996950492813723,-0.44487525273820006,0.4153925261639173,-1.5550617277461047
2.563952260942909,-0.47188332700802665,0.4260125912901419,-1.5096805750615656
2.660035829997985,-0.5074812493044945,0.44028611495180847,-1.5154841931600587
2.8241607412049734,-0.557161516475645,0.46609022593995525,-1.4945215470033886
2.9902586360425394,-0.6042690803339915,0.4916559951057403,-1.4820748253036264
3.1716316258821444,-0.6549158099117266,0.5188583888055839,-1.4756463410502216
3.7570957918137813,-0.07248921799960123,0.5996581531677253,-1.731156770825633
3.399980057890213,-0.07871486655306749,0.5455432887770959,-1.7159519126742284
3.14835822530187,-0.08734859131553252,0.5061267867698045,-1.7337209909357407
2.952209233975296,-0.09720158279283725,0.47869203909543506,-1.7501339090275352
2.737117540925587,-0.11517560345782622,0.4467094861422166,-1.7129355982186132
2.530533075116321,-0.12831540575503542,0.41094015692892394,-1.6955733069460035
2.4430568352112565,-0.13915789933483919,0.403091842179865,-1.6849465603162905
2.3622222921251375,-0.1508625906881773,0.3822368855202872,1.4632175111771588
2.247639115551956,-0.15953609217669362,0.37283929308126806,-1.6770824952485899
2.2399810061069148,-0.17290602444495703,0.3643776273768584,1.4507590094906946
2.1998761986570514,-0.1870051221991565,0.36658973359425284,-1.6366672336496644
2.2280477576692994,-0.20653761023777617,0.3709616662607275,-1.6456620820294576
2.1606738775522807,-0.2163639255645669,0.3607863723991747,-1.6193246115665805
2.151950661599451,-0.2332285426074344,0.3597095110253742,-1.6260934143834025
2.1282342725229944,-0.246855650286768,0.3558957111704862,-1.6017826304456035
2.1049501831639033,-0.26427574123175285,0.352854623587738,-1.6146449851778137
2.1847997745702084,-0.2935531229938719,0.3655500585498397,-1.5976562226313622
2.197306152808171,-0.3124283571434039,0.36857604900752877,-1.5989825859789395
2.2259603510624455,-0.33346729818093096,0.37458773786824234,-1.580260686922959
2.27215369755839,-0.3573891984283426,0.3741844955836727,1.6111598439284505
2.279537135441177,-0.37470447856969147,0.38142044721789065,-1.522725316771211
2.375653960547119,-0.40579818784760174,0.39594765274106364,-1.540970885270118
2.4453181416539738,-0.4356036529100648,0.405589293627114,-1.5557011968372065
2.5770665538046176,-0.47673149467097187,0.4297128167177214,-1.5013169160849533
2.6871598039518805,-0.5132229551321649,0.44877118260282095,-1.5305562229852276
2.819111024630168,-0.5524932912199666,0.4630795504773735,-1.5454242379261631
3.065752218372601,-0.6212644775277544,0.5057063027934577,-1.487208961896044
3.305265740941192,-0.6894913922799962,0.5424517034788353,-1.4416525188839036
3.1254172301823697,-0.08588612318380665,0.5023703419053102,-1.712546812906077
2.9209791659890136,-0.0971205727714515,0.4719393272457513,-1.7039082427875143
2.872276183070939,-0.11197743916121719,0.4668189998581818,-1.7105545476812067
2.717717790403626,-0.1221996324568428,0.44005535197081064,-1.7206074320880702
2.575071103842688,-0.13604296135065824,0.4133523520430009,1.4958845699049543
2.4400564099826516,-0.14457877170837774,0.3981091502895729,-1.7000867776798108
2.3212379864080677,-0.15413619630901465,0.3814836189828914,-1.652160976846233
2.289461401578199,-0.16805621829075168,0.3765900200528439,-1.6722809873603255
2.226726455837957,-0.18087006547726342,0.36951090338208653,-1.638054331587835
2.2367062460658405,-0.19840165752972405,0.3713278818639667,-1.6580256066246308
2.1865169734903094,-0.20975646273844858,0.3641187904462604,-1.619115550470121
2.1768828338221557,-0.22584512334826232,0.3633664597969935,-1.6321268031044498
2.2172311462684076,-0.24917440590592202,0.3710939324587562,-1.6223845786361848
2.191341742824697,-0.2605114831109494,0.3658683047195056,-1.622067261104148
2.1052397330036667,-0.26842592689156525,0.3528990237027486,-1.627236744599513
2.158607118316512,-0.29157481864609724,0.3556140761009639,1.5651291874359388
2.1973186558772895,-0.31242919257711615,0.36763563129411436,-1.5985315115259788
2.2553831995297053,-0.34488108978144166,0.37987859029802934,-1.5873916157900514
2.303072810990268,-0.36845740994297826,0.3868729528855146,-1.5746081474175866
2.301639122262554,-0.3866571204163263,0.38381022512852003,-1.5429950785340112
2.44510494454869,-0.4280729062699985,0.4087842731576489,-1.5620989850026359
2.5162999637682377,-0.45790798440225605,0.41760673763926826,-1.5620454724710626
2.6510790139237836,-0.49827296171855673,0.4412933564924329,-1.554594189075961
2.7714846644836513,-0.5399738257562747,0.4606350776232289,-1.5296398596549392
2.88515505894938,-0.5781330736418469,0.476085953611574,-1.5447149429679956
3.115531470905914,-0.6380498681161889,0.5114669342634052,-1.5428591110996568
3.3432272694929943,-0.700136173939726,0.547349594174136,-1.5213473833111413
3.8485115170626027,-0.06395085853220336,0.6083713529635867,-1.7124532052410666
3.4000024013716685,-0.07211788794905673,0.5417330544738169,-1.7155003781755906
3.204634355277349,-0.07900497611703083,0.5126642561242689,-1.7358820031033158
2.8712300295539195,-0.09775495114281303,0.4634466377781907,-1.7107499566122066
2.8023501999001903,-0.11197191132638605,0.4546426134080252,-1.7241030618275708
2.619752144193012,-0.1201683844387436,0.42622731461536917,-1.6991221553820575
2.4308718080627583,-0.1314485047290439,0.39582037985420915,-1.6759267340531174
2.4447214753342026,-0.14963486926950462,0.4021016519826134,-1.6792213782390757
2.340339178777999,-0.15769087250248212,0.38549124483775854,-1.6530073371078922
2.263773294373439,-0.16877421334534864,0.37202131026085455,-1.6516581730732875
2.226528735702731,-0.18331494166256365,0.36767086567850693,-1.637622484342856
2.1580678038240864,-0.1946376643680783,0.35766513976817554,-1.6300588865419066
2.1602534768155186,-0.21136389140142628,0.35812827188987456,-1.6187142149902094
2.1620520762080817,-0.22808894867188192,0.3598254269934144,-1.6012319840904226
2.2178166214835278,-0.2509427150693948,0.36939269879724285,-1.609197709826358
2.1653379598725153,-0.2606403658337457,0.3607431640733038,-1.6087508477766306
2.193884384941014,-0.28264777164658467,0.3658327244077949,-1.6038805006517232
2.1855224186431497,-0.30369276974281506,0.36503657180424726,-1.586379396629558
2.224932035489328,-0.3289624304964247,0.3723290816025195,-1.573408038258403
2.2552311027345318,-0.3500411902290005,0.375725516544996,-1.575530062964509
2.2559978464374306,-0.36648542201467693,0.3756740851240123,-1.5619041508671077
2.344140091930801,-0.3977125130538497,0.3925401944763569,-1.5412820244435927
2.431306957683506,-0.4281197101007058,0.40308277305238865,-1.5551986606962587
2.561344944781767,-0.4710372650528246,0.41787566645314855,1.6712520201288563
2.662840740648411,-0.5059699740524309,0.44074171752948105,-1.5306368648015933
2.783031272019848,-0.5458283117992189,0.4588578759231656,-1.5042286653124464
3.069561301516263,-0.6185920514958677,0.5046015587162571,-1.497491497458391
3.2034833281063992,-0.6597019102779097,0.5227062772033328,-1.474931512395426
3.6876015727889966,-0.0677546312068429,0.5871012635683691,-1.773007310508239
3.523967747935403,-0.07887179743951778,0.5654250911153015,-1.7430614063934524
3.1137225063770737,-0.08336259077615817,0.5033373091440815,-1.7399647267652378
2.997529761950575,-0.09753916477592647,0.48546579047553123,-1.762282559159471
2.89883279681722,-0.10917795469207403,0.4723207548691316,-1.7119263324390748
2.693640849159841,-0.11643305400226348,0.4403252585630024,-1.7192736134006765
2.550216191981155,-0.12781008028315452,0.4157336641131073,-1.6748057018813531
2.4619842539938985,-0.1426359830419957,0.40641061132326,-1.6921183890855287
2.316829989216739,-0.15066428028578052,0.38263332549858714,-1.680683799924025
2.2897352060366445,-0.1645714317646321,0.37673378933798857,-1.6725827945150282
2.2810086666546967,-0.18004258201725418,0.3803708021414137,-1.6585812101308357
2.2100258190071487,-0.19087251780453585,0.36704077399447044,-1.6439746144108491
2.21105429787217,-0.2088091748230977,0.36778146014431806,-1.6521523048420084
2.18680483365582,-0.22148679429444126,0.3652028461822373,-1.6331356153594594
2.110719208994316,-0.23234158730653404,0.3520760412546926,-1.6251076371830924
2.1645387604753803,-0.2531873316624188,0.3622697019771962,-1.6086732072887888
2.156083063760958,-0.2690584171626215,0.3608759194125388,-1.6091649440777718
2.1572882935936812,-0.28738627297116387,0.36238490274771984,-1.5791246818060867
2.186297913267492,-0.30714211232456806,0.366744373710537,-1.5987743231815896
2.282824913111368,-0.34025360026256496,0.38386958503323787,-1.579471784642533
2.3011049424917394,-0.35930781652049926,0.3789922539672196,1.6115873354869579
2.2833471661475073,-0.37881740237972145,0.38234189551538733,-1.5421262013234138
2.410242115546381,-0.41632881473948513,0.40258861412891134,-1.5547418256787333
2.51045828207135,-0.45003499926535834,0.4196371492934676,-1.5326310738640103
2.656074931796047,-0.4945160562489662,0.4431462288731196,-1.506994320246374
2.7457887753081462,-0.5271135503138886,0.4563842388131203,-1.5296342354622492
2.8798672781965418,-0.5682478173627855,0.4763186653439878,-1.5275294773588948
3.056954783997954,-0.6201855240211401,0.5030819819169161,-1.52532417168626
3.1953075346415156,-0.6653832715752087,0.5239435917210681,-1.4571276528489983
3.128103194675954,-0.08356872432153357,0.5035496185343113,-1.7038554796007803
3.039118827459653,-0.09933935152446431,0.49153361877694374,-1.7364857967225562
2.8315147830301166,-0.1071471649260072,0.456978618193927,-1.6917031653551062
2.632482634605563,-0.11525142794751292,0.4291904456042721,-1.7298059652730253
2.5470945231891644,-0.12852790883310716,0.4131725193491827,-1.6889022704487566
2.461803784930559,-0.14074194359715886,0.40553540581259073,-1.6923958818473
2.400504990703068,-0.15706250049035642,0.39448760301893687,-1.6691027030431353
2.3171953443032867,-0.16742705179583284,0.3811079423063322,-1.687030350638542
2.2647073476898196,-0.18096868435640812,0.375651005078433,-1.6522731145721004
2.208654072573054,-0.1924369668182671,0.3659639565256192,-1.6568310122383665
2.2136046852266476,-0.2098186677216623,0.3685864512542687,-1.6196088760930967
2.1765684969384687,-0.22248252243800487,0.36331377119148905,-1.6319589290708176
2.1898479032703952,-0.24191115240022154,0.3664592397522343,-1.6084122030919754
2.164655313625841,-0.2548527202517824,0.36192152490548607,-1.615279108530479
2.1559915678862405,-0.27233645088478275,0.36112250918805444,-1.6273496624040482
2.142185906767579,-0.28746020379253057,0.3605941411396757,-1.5913598969662373
2.186572709823063,-0.30884722065532066,0.3659475993660044,-1.6114927464419548
2.2154163683090595,-0.33150306735503776,0.3724507850969029,-1.5870324592031362
2.2556935790404684,-0.35875671705571155,0.3794642883681571,-1.5682099391963544
2.302177956200658,-0.38321777104372295,0.3841899549711437,-1.5488208763872215
2.4426983247342413,-0.4247574519653725,0.4084848689654796,-1.5478508837944878
2.51481455058754,-0.4537877278255003,0.4196287402357308,-1.5538027831133219
2.6462619902600295,-0.4953507155433728,0.44105759820119367,-1.5318077982082525
2.794150068460285,-0.5405872574609232,0.46280468810429837,-1.5533401901946975
2.9078802913967188,-0.581076862008217,0.4819493452815253,-1.5273756121863762
3.057809685189789,-0.6250471726108563,0.503035145902246,-1.5241823280049915
3.2820591098803975,-0.6872180453219098,0.5373962608717335,-1.5216746230002047
3.554794580895073,-0.07203341169020426,0.5676198169782192,-1.7446769639139166
3.3443700997551424,-0.08246145492172402,0.5341992080209668,-1.6936121086013782
3.0606050383806034,-0.0901368779551716,0.4915638137999928,-1.7385578497319065
2.832505166107341,-0.09860530915161728,0.4562474709548822,-1.7083672017093876
2.7847924787712515,-0.11399164171617437,0.4512327010429141,-1.6990287709007121
2.5083116177944023,-0.11793626783084457,0.41005661859342313,-1.6931221949453201
2.4810336977550413,-0.1308955312127653,0.4029713488936952,-1.6640723807385547
2.445097369119034,-0.1448856696259104,0.40038587667499786,-1.679083815327083
2.298725158523555,-0.15185936617588383,0.3779183753424477,-1.6385111498551552
2.2295202744401976,-0.16459534098832898,0.36595755741895225,-1.682812305321121
2.2391716977481564,-0.18569411072196063,0.3687818592588107,-1.6249654324133334
2.1327282152290628,-0.1971515628247408,0.35294906910901025,-1.6225957385694285
2.186905381286066,-0.2164805537513992,0.36381192698858406,-1.6260211664281337
2.136126305440905,-0.22942459604597765,0.3550907762532865,-1.6195258971886732
2.1378261664610925,-0.24506647827755504,0.35594274055815756,-1.5895172735414358
2.1395565699604,-0.2616295450320092,0.3584985148866782,-1.6020671536575544
2.18416375694628,-0.28510334485991146,0.3580738511051516,1.565432499408081
2.185361207916799,-0.3019967697821428,0.3640711849998647,-1.5858644137193112
2.187562774647581,-0.31978706763911113,0.3656561836298577,-1.5925911626838074
2.2266510033352165,-0.34380338323811854,0.3735766676275194,-1.5749529708718897
2.301524208284433,-0.3707652543342491,0.38289027589428754,-1.5555262474150453
2.3950724590343357,-0.40915002850946336,0.392821187186733,1.62915442091883
2.462735092006357,-0.4382012883890559,0.40930584850758994,-1.5406881617697574
2.5969489564985015,-0.4789690887370551,0.43135792129639555,-1.4931735441749199
2.647764666750535,-0.5066987209750345,0.4392855497899812,-1.5318491266486036
2.834087507837945,-0.5559352281784085,0.46344619148932326,-1.5287869044592057
3.0583535708203278,-0.6197691440965957,0.5022415920221319,-1.4698749667842073
3.2823216773202644,-0.6803296843434838,0.53753386731877,-1.462625321936763
3.764170179910543,-0.06483169405313675,0.6007771161002592,-1.7780923611480381
3.574547441079493,-0.07791465537996188,0.5722286657395836,-1.703768467967734
3.2044756606213687,-0.08464124258175125,0.5145182973129756,-1.7853750454641664
3.0127339170635086,-0.09449479458304129,0.48676637026712793,-1.726799755446975
2.8938050062029532,-0.10845950404584244,0.4720987407804082,-1.7724876363196145
2.7621559508687743,-0.11661381805486082,0.4507695340720187,-1.7134094171124798
2.6139994630498196,-0.12837416872796448,0.42731155888371775,-1.6528744558345216
2.4674936391862845,-0.1368553797803246,0.40561040805500714,-1.7223340503187827
2.370310878597078,-0.1468753839534196,0.3907722679697083,-1.717161478352463
2.283336967304186,-0.15789383487411185,0.37656392640909847,-1.6982793028850216
2.2830358196987053,-0.17225725225697414,0.37876791826866524,-1.6388535515694564
2.2263274336068806,-0.18499742225838042,0.3680141529904806,-1.6439452420949225
2.2121224504002104,-0.20628404375435674,0.3705100867822665,-1.6389251848418018
2.1769766887858104,-0.21919992460336962,0.36348265511185435,-1.6195456359190028
2.1889636563623998,-0.23845269581216166,0.36415587857038795,-1.6271335053408171
2.164371325509512,-0.25151179304209026,0.36224135400116414,-1.6085874009802583
2.155733193344192,-0.2657157024516702,0.3608165055375537,-1.6089942918154316
2.1843034904875913,-0.2892129195441869,0.36566409512673925,-1.5979664464423495
2.1697220020376595,-0.30195118901947926,0.3639882278947581,-1.5986073000970407
2.224766374963464,-0.3272340255047929,0.37391060580949287,-1.573013431161105
2.2560417331200617,-0.35035021246544223,0.3774877796970367,-1.5888087130289146
2.2832648603445382,-0.3718067169199845,0.3844639274583253,-1.548215151242588
2.344005645039766,-0.3968883287355379,0.3943167295851013,-1.5416441974887876
2.4455832939338675,-0.43105874409329387,0.40792484476345553,-1.5627533602074266
2.5338693555634144,-0.46252912649590944,0.41909544853007435,-1.5402851353826643
2.701905729973995,-0.5165195215808822,0.4507486343707966,-1.5220668611217258
2.7902189765100474,-0.5483903137834386,0.45944498263621186,-1.5289712608125572
3.0508117004466913,-0.617683794115494,0.5032530952750274,-1.5068123031043519
3.260779013026261,-0.6764343118146249,0.5347025368388599,-1.4735772314133422
3.260779013026261,-0.6764343118146249,0.5347025368388599,-1.4735772314133422
3.260779013026261,-0.6764343118146249,0.5347025368388599,-1.4735772314133422
3.260779013026261,-0.6764343118146249,0.5347025368388599,-1.4735772314133422
3.260779013026261,-0.6764343118146249,0.5347025368388599,-1.4735772314133422
3.260779013026261,-0.6764343118146249,0.5347025368388599,-1.4735772314133422
3.260779013026261,-0.6764343118146249,0.5347025368388599,-1.4735772314133422
3.260779013026261,-0.6764343118146249,0.5347025368388599,-1.4735772314133422
3.260779013026261,-0.6764343118146249,0.5347025368388599,-1.4735772314133422
3.260779013026261,-0.6764343118146249,0.5347025368388599,-1.4735772314133422
3.260779013026261,-0.6764343118146249,0.5347025368388599,-1.4735772314133422
3.260779013026261,-0.6764343118146249,0.5347025368388599,-1.4735772314133422
3.260779013026261,-0.6764343118146249,0.5347025368388599,-1.4735772314133422
3.260779013026261,-0.6764343118146249,0.5347025368388599,-1.4735772314133422
3.260779013026261,-0.6764343118146249,0.5347025368388599,-1.4735772314133422
3.260779013026261,-0.6764343118146249,0.5347025368388599,-1.4735772314133422
3.260779013026261,-0.6764343118146249,0.5347025368388599,-1.4735772314133422
3.260779013026261,-0.6764343118146249,0.5347025368388599,-1.4735772314133422
3.260779013026261,-0.6764343118146249,0.5347025368388599,-1.4735772314133422
3.260779013026261,-0.6764343118146249,0.5347025368388599,-1.4735772314133422
3.260779013026261,-0.6764343118146249,0.5347025368388599,-1.4735772314133422
3.260779013026261,-0.6764343118146249,0.5347025368388599,-1.4735772314133422
3.260779013026261,-0.6764343118146249,0.5347025368388599,-1.4735772314133422
3.260779013026261,-0.6764343118146249,0.5347025368388599,-1.4735772314133422
3.260779013026261,-0.6764343118146249,0.5347025368388599,-1.4735772314133422
3.260779013026261,-0.6764343118146249,0.5347025368388599,-1.4735772314133422
3.260779013026261,-0.6764343118146249,0.5347025368388599,-1.4735772314133422
3.260779013026261,-0.6764343118146249,0.5347025368388599,-1.4735772314133422
3.260779013026261,-0.6764343118146249,0.5347025368388599,-1.4735772314133422
3.260779013026261,-0.6764343118146249,0.5347025368388599,-1.4735772314133422
3.260779013026261,-0.6764343118146249,0.5347025368388599,-1.4735772314133422
3.260779013026261,-0.6764343118146249,0.5347025368388599,-1.4735772314133422
3.260779013026261,-0.6764343118146249,0.5347025368388599,-1.4735772314133422
3.260779013026261,-0.6764343118146249,0.5347025368388599,-1.4735772314133422
3.260779013026261,-0.6764343118146249,0.5347025368388599,-1.4735772314133422
3.260779013026261,-0.6764343118146249,0.5347025368388599,-1.4735772314133422
3.260779013026261,-0.6764343118146249,0.5347025368388599,-1.4735772314133422
3.260779013026261,-0.6764343118146249,0.5347025368388599,-1.4735772314133422
3.260779013026261,-0.6764343118146249,0.5347025368388599,-1.4735772314133422
3.260779013026261,-0.6764343118146249,0.5347025368388599,-1.4735772314133422
3.260779013026261,-0.6764343118146249,0.5347025368388599,-1.4735772314133422
3.260779013026261,-0.6764343118146249,0.5347025368388599,-1.4735772314133422
3.260779013026261,-0.6764343118146249,0.5347025368388599,-1.4735772314133422
3.260779013026261,-0.6764343118146249,0.5347025368388599,-1.4735772314133422
3.260779013026261,-0.6764343118146249,0.5347025368388599,-1.4735772314133422
3.260779013026261,-0.6764343118146249,0.5347025368388599,-1.4735772314133422
3.260779013026261,-0.6764343118146249,0.5347025368388599,-1.4735772314133422
3.260779013026261,-0.6764343118146249,0.5347025368388599,-1.4735772314133422
3.260779013026261,-0.6764343118146249,0.5347025368388599,-1.4735772314133422
3.260779013026261,-0.6764343118146249,0.5347025368388599,-1.4735772314133422
